{"config": {"pkg": "./LU", "execdate": "10-07-2024_15:50:50", "command": "pascalanalyzer -t aut -c 1,2,4,8,16,32 -i 500,707,1000,1414,2000 -o LU.json ./LU", "hostname": "r1i1n5", "kernel": "Linux-4.18.0-348.20.1.el8_5.x86_64-x86_64-with-glibc2.14", "disable_hyperthread": false, "auto_instrumentation": true, "idle_time": 0, "data_descriptor": {"values": ["start_time", "stop_time"], "extras": {"regions": {"values": ["start_time", "stop_time", "start_line", "stop_line", "thread_id", "filename"]}}, "keys": ["cores", "input", "repetitions"]}, "disable_cores": false, "discard_ompnt": true, "arguments": ["707", "2000", "500", "1000", "1414"]}, "data": {"32;0;1": {"start_time": 1720637450.0711992, "stop_time": 1720637450.0764759}, "32;1;1": {"start_time": 1720637450.0771408, "stop_time": 1720637450.0800843}, "32;2;1": {"start_time": 1720637450.0806155, "stop_time": 1720637450.0834913}, "32;3;1": {"start_time": 1720637450.0840614, "stop_time": 1720637450.0872176}, "32;4;1": {"start_time": 1720637450.0877442, "stop_time": 1720637450.09085}, "16;0;1": {"start_time": 1720637450.0914156, "stop_time": 1720637450.094217}, "16;1;1": {"start_time": 1720637450.0947397, "stop_time": 1720637450.097828}, "16;2;1": {"start_time": 1720637450.0984168, "stop_time": 1720637450.101246}, "16;3;1": {"start_time": 1720637450.1017737, "stop_time": 1720637450.1048737}, "16;4;1": {"start_time": 1720637450.1054454, "stop_time": 1720637450.1082606}, "8;0;1": {"start_time": 1720637450.1087885, "stop_time": 1720637450.112059}, "8;1;1": {"start_time": 1720637450.112596, "stop_time": 1720637450.1155412}, "8;2;1": {"start_time": 1720637450.1161644, "stop_time": 1720637450.1190991}, "8;3;1": {"start_time": 1720637450.1196249, "stop_time": 1720637450.1226397}, "8;4;1": {"start_time": 1720637450.1232388, "stop_time": 1720637450.1260595}, "4;0;1": {"start_time": 1720637450.1266124, "stop_time": 1720637450.1296349}, "4;1;1": {"start_time": 1720637450.1302245, "stop_time": 1720637450.1333017}, "4;2;1": {"start_time": 1720637450.1338527, "stop_time": 1720637450.136911}, "4;3;1": {"start_time": 1720637450.1374772, "stop_time": 1720637450.140413}, "4;4;1": {"start_time": 1720637450.1409748, "stop_time": 1720637450.1439972}, "2;0;1": {"start_time": 1720637450.1445522, "stop_time": 1720637450.1473584}, "2;1;1": {"start_time": 1720637450.1479678, "stop_time": 1720637450.15088}, "2;2;1": {"start_time": 1720637450.1514785, "stop_time": 1720637450.154297}, "2;3;1": {"start_time": 1720637450.154847, "stop_time": 1720637450.157935}, "2;4;1": {"start_time": 1720637450.1585, "stop_time": 1720637450.1613798}, "1;0;1": {"start_time": 1720637450.1619453, "stop_time": 1720637450.1650198}, "1;1;1": {"start_time": 1720637450.1655676, "stop_time": 1720637450.1685357}, "1;2;1": {"start_time": 1720637450.1691363, "stop_time": 1720637450.1721299}, "1;3;1": {"start_time": 1720637450.1726544, "stop_time": 1720637450.175728}, "1;4;1": {"start_time": 1720637450.1763532, "stop_time": 1720637450.1792269}}}