{"config": {"pkg": "./LU", "execdate": "10-07-2024_15:50:50", "command": "pascalanalyzer -g -t aut -c 1,2,4,8,16,32 -i 500,707,1000,1414,2000 -o LU_g.json ./LU", "hostname": "r1i1n5", "kernel": "Linux-4.18.0-348.20.1.el8_5.x86_64-x86_64-with-glibc2.14", "disable_hyperthread": false, "auto_instrumentation": true, "idle_time": 0, "data_descriptor": {"values": ["start_time", "stop_time"], "extras": {"regions": {"values": ["start_time", "stop_time", "start_line", "stop_line", "thread_id", "filename"]}}, "keys": ["cores", "input", "repetitions"]}, "disable_cores": false, "discard_ompnt": true, "arguments": ["2000", "1000", "1414", "707", "500"]}, "data": {"32;0;1": {"start_time": 1720637450.6217196, "stop_time": 1720637450.6251454, "regions": {"p1": [[1720637450.6217196, 1720637450.6251454, 0, 0, 0, "gapregion"]]}}, "32;1;1": {"start_time": 1720637450.6256738, "stop_time": 1720637450.6288724, "regions": {"p1": [[1720637450.6256738, 1720637450.6288724, 0, 0, 0, "gapregion"]]}}, "32;2;1": {"start_time": 1720637450.629414, "stop_time": 1720637450.6324494, "regions": {"p1": [[1720637450.629414, 1720637450.6324494, 0, 0, 0, "gapregion"]]}}, "32;3;1": {"start_time": 1720637450.6330113, "stop_time": 1720637450.6358871, "regions": {"p1": [[1720637450.6330113, 1720637450.6358871, 0, 0, 0, "gapregion"]]}}, "32;4;1": {"start_time": 1720637450.6364353, "stop_time": 1720637450.639253, "regions": {"p1": [[1720637450.6364353, 1720637450.639253, 0, 0, 0, "gapregion"]]}}, "16;0;1": {"start_time": 1720637450.6398013, "stop_time": 1720637450.6430187, "regions": {"p1": [[1720637450.6398013, 1720637450.6430187, 0, 0, 0, "gapregion"]]}}, "16;1;1": {"start_time": 1720637450.6435654, "stop_time": 1720637450.64664, "regions": {"p1": [[1720637450.6435654, 1720637450.64664, 0, 0, 0, "gapregion"]]}}, "16;2;1": {"start_time": 1720637450.647282, "stop_time": 1720637450.6501744, "regions": {"p1": [[1720637450.647282, 1720637450.6501744, 0, 0, 0, "gapregion"]]}}, "16;3;1": {"start_time": 1720637450.6506917, "stop_time": 1720637450.6539323, "regions": {"p1": [[1720637450.6506917, 1720637450.6539323, 0, 0, 0, "gapregion"]]}}, "16;4;1": {"start_time": 1720637450.6544957, "stop_time": 1720637450.6575513, "regions": {"p1": [[1720637450.6544957, 1720637450.6575513, 0, 0, 0, "gapregion"]]}}, "8;0;1": {"start_time": 1720637450.658166, "stop_time": 1720637450.6609848, "regions": {"p1": [[1720637450.658166, 1720637450.6609848, 0, 0, 0, "gapregion"]]}}, "8;1;1": {"start_time": 1720637450.6615365, "stop_time": 1720637450.6643364, "regions": {"p1": [[1720637450.6615365, 1720637450.6643364, 0, 0, 0, "gapregion"]]}}, "8;2;1": {"start_time": 1720637450.6648848, "stop_time": 1720637450.6678975, "regions": {"p1": [[1720637450.6648848, 1720637450.6678975, 0, 0, 0, "gapregion"]]}}, "8;3;1": {"start_time": 1720637450.66849, "stop_time": 1720637450.6715255, "regions": {"p1": [[1720637450.66849, 1720637450.6715255, 0, 0, 0, "gapregion"]]}}, "8;4;1": {"start_time": 1720637450.67213, "stop_time": 1720637450.6752794, "regions": {"p1": [[1720637450.67213, 1720637450.6752794, 0, 0, 0, "gapregion"]]}}, "4;0;1": {"start_time": 1720637450.6758323, "stop_time": 1720637450.679031, "regions": {"p1": [[1720637450.6758323, 1720637450.679031, 0, 0, 0, "gapregion"]]}}, "4;1;1": {"start_time": 1720637450.679575, "stop_time": 1720637450.6825485, "regions": {"p1": [[1720637450.679575, 1720637450.6825485, 0, 0, 0, "gapregion"]]}}, "4;2;1": {"start_time": 1720637450.6831784, "stop_time": 1720637450.6861079, "regions": {"p1": [[1720637450.6831784, 1720637450.6861079, 0, 0, 0, "gapregion"]]}}, "4;3;1": {"start_time": 1720637450.686642, "stop_time": 1720637450.689786, "regions": {"p1": [[1720637450.686642, 1720637450.689786, 0, 0, 0, "gapregion"]]}}, "4;4;1": {"start_time": 1720637450.6903985, "stop_time": 1720637450.693232, "regions": {"p1": [[1720637450.6903985, 1720637450.693232, 0, 0, 0, "gapregion"]]}}, "2;0;1": {"start_time": 1720637450.6937492, "stop_time": 1720637450.6969764, "regions": {"p1": [[1720637450.6937492, 1720637450.6969764, 0, 0, 0, "gapregion"]]}}, "2;1;1": {"start_time": 1720637450.6975265, "stop_time": 1720637450.7003553, "regions": {"p1": [[1720637450.6975265, 1720637450.7003553, 0, 0, 0, "gapregion"]]}}, "2;2;1": {"start_time": 1720637450.700906, "stop_time": 1720637450.7039664, "regions": {"p1": [[1720637450.700906, 1720637450.7039664, 0, 0, 0, "gapregion"]]}}, "2;3;1": {"start_time": 1720637450.7045221, "stop_time": 1720637450.707327, "regions": {"p1": [[1720637450.7045221, 1720637450.707327, 0, 0, 0, "gapregion"]]}}, "2;4;1": {"start_time": 1720637450.7078857, "stop_time": 1720637450.7108295, "regions": {"p1": [[1720637450.7078857, 1720637450.7108295, 0, 0, 0, "gapregion"]]}}, "1;0;1": {"start_time": 1720637450.7114146, "stop_time": 1720637450.714228, "regions": {"p1": [[1720637450.7114146, 1720637450.714228, 0, 0, 0, "gapregion"]]}}, "1;1;1": {"start_time": 1720637450.7147458, "stop_time": 1720637450.7179837, "regions": {"p1": [[1720637450.7147458, 1720637450.7179837, 0, 0, 0, "gapregion"]]}}, "1;2;1": {"start_time": 1720637450.7185416, "stop_time": 1720637450.7213376, "regions": {"p1": [[1720637450.7185416, 1720637450.7213376, 0, 0, 0, "gapregion"]]}}, "1;3;1": {"start_time": 1720637450.7218938, "stop_time": 1720637450.724917, "regions": {"p1": [[1720637450.7218938, 1720637450.724917, 0, 0, 0, "gapregion"]]}}, "1;4;1": {"start_time": 1720637450.725485, "stop_time": 1720637450.7282588, "regions": {"p1": [[1720637450.725485, 1720637450.7282588, 0, 0, 0, "gapregion"]]}}}}